<?xml version="1.0" encoding="UTF-8"?>
<!-- ====================================================================== -->
<!--                                                                        -->
<!-- Generated by Maven Help Plugin on 2022-02-23T21:56:24+05:30            -->
<!-- See: http://maven.apache.org/plugins/maven-help-plugin/                -->
<!--                                                                        -->
<!-- ====================================================================== -->
<!-- ====================================================================== -->
<!--                                                                        -->
<!-- Effective Settings for 'varsha' on 'ttnpl-5895'                        -->
<!--                                                                        -->
<!-- ====================================================================== -->
<settings xmlns="http://maven.apache.org/SETTINGS/1.2.0" xmlns:xsi="http://www.w3.org/2001/XMLSchema-instance" xsi:schemaLocation="http://maven.apache.org/SETTINGS/1.2.0 http://maven.apache.org/xsd/settings-1.2.0.xsd">
  <localRepository>/home/varsha/.m2/repository</localRepository>
  <mirrors>
    <mirror>
      <mirrorOf>external:http:*</mirrorOf>
      <name>Pseudo repository to mirror external repositories initially using HTTP.</name>
      <url>http://0.0.0.0/</url>
      <blocked>true</blocked>
      <id>maven-default-http-blocker</id>
    </mirror>
  </mirrors>
  <pluginGroups>
    <pluginGroup>org.apache.maven.plugins</pluginGroup>
    <pluginGroup>org.codehaus.mojo</pluginGroup>
  </pluginGroups>
</settings>
